Run 1,I don't have the answer.
Run 2,"I don't have the answer.

The documentation only shows Autumn semester offerings for MATH1014 (Mathematics 1A) with three different locations (Campbelltown, Penrith (Kingswood), and Parramatta South). There is no information about Spring semester offerings in the provided documentation. Without knowing which subjects are offered in Spring semester, I cannot determine which subjects are offered in only one semester (Autumn or Spring)."
Run 3,I don't have the answer.
Run 4,"I don't have the answer.

The provided documentation only shows Autumn semester offerings for MATH1014 (Mathematics 1A) with three different locations (Campbelltown, Penrith (Kingswood), and Parramatta South). However, the documentation does not provide any information about Spring semester offerings for this subject or any other subjects. 

Since the documentation doesn't contain information about which subjects are offered in Spring semester, I cannot determine which subjects are offered in only one semester (Autumn or Spring). The question requires information about Spring semester offerings that isn't present in the provided documentation."
Run 5,"I don't have the answer.

The documentation provided shows that MATH1014 has Autumn semester offerings (with three specific locations: Campbelltown, Penrith (Kingswood), and Parramatta South), but it does not mention any Spring semester offerings. However, the documentation doesn't explicitly state that MATH1014 is not offered in Spring - it simply doesn't show Spring offerings. The question asks for subjects that are offered in only one semester (Autumn or Spring), but the documentation doesn't provide complete information about all semesters for this subject or other subjects. Since the documentation only shows Autumn offerings and doesn't mention Spring offerings, I cannot definitively say which subjects are offered in only one semester. The documentation is incomplete for answering this specific question."
Run 6,"I don't have the answer.

The documentation provided shows information about MATH1014 - Mathematics 1A for the 2026 academic year, specifically listing Autumn offerings (MATH1014-AUT-3-CA, MATH1014-AUT-3-KW, MATH1014-AUT-3-PS). However, it does not provide any information about Spring offerings or other subjects that might be offered in only one semester. The documentation only shows Autumn offerings without indicating whether any subjects are offered exclusively in Autumn or Spring, or which subjects might be offered in only one semester."
Run 7,"I don't have the answer.

The provided documentation only shows Autumn semester offerings for MATH1014 (Mathematics 1A) with three different locations (Campbelltown, Penrith, Parramatta South). There is no information about Spring semester offerings in the documentation, so I cannot determine which subjects are offered in only one semester (Autumn or Spring). The documentation doesn't provide details about Spring semester offerings at all."
Run 8,"Based on the provided documentation, the only subject explicitly listed with offerings is MATH1014, which is specified under ""Offerings: Autumn"" with three locations (not detailed further). The documentation does not mention any Spring offerings for MATH1014 or any other subjects. 

The question asks for subjects offered in only one semester (Autumn or Spring). Since the documentation shows MATH1014 is offered in Autumn but provides no evidence of Spring offerings, it is considered offered in only one semester (Autumn). No other subjects are explicitly listed with offerings in the documentation, so MATH1014 is the only subject that meets the criteria.

**Answer: MATH1014**"
Run 9,"I don't have the answer. The provided documentation only shows that MATH1014 (Mathematics 1A) is offered in Autumn (with specific locations listed under ""Offerings""). It does not provide any information about Spring semester offerings for this subject or any other subjects. The question asks for subjects offered in ""only one semester (Autumn or Spring),"" but the documentation lacks details about Spring semester offerings, so it is impossible to determine which subjects meet this criterion based solely on the provided information."
Run 10,I don't have the answer.
Run 11,"I don't have the answer.

The provided documentation only shows information about MATH1014 (Mathematics 1A) and lists Autumn offerings with three different locations (Campbelltown, Penrith, Parramatta South). There is no information about Spring offerings for any subject in this documentation, and the document doesn't provide a complete list of all subjects offered at Western Sydney University. Without information about which subjects are offered in Spring semester and which ones are offered in only one semester, I cannot determine which subjects are offered in only one semester (Autumn or Spring)."
Run 12,"I don't have the answer.

The provided documentation shows that MATH1014 has Autumn offerings (with locations: Campbelltown, Penrith (Kingswood), Parramatta South), but it doesn't mention any Spring offerings for this subject or any other subjects. The documentation doesn't provide information about which subjects are offered in only one semester (Autumn or Spring), as it only shows Autumn offerings and no information about Spring offerings for any subjects."
Run 13,I don't have the answer.
Run 14,I don't have the answer.
Run 15,"I don't have the answer.

The documentation only shows Autumn semester offerings for MATH1014 (with three different locations: Campbelltown, Penrith (Kingswood), and Parramatta South). There is no information about Spring semester offerings for any subjects in the provided documentation. The question asks which subjects are offered in only one semester (Autumn or Spring), but the documentation doesn't provide complete information about Spring semester offerings for any subjects."
Run 16,I don't have the answer.
Run 17,"I don't have the answer.

The documentation only shows information about MATH1014 - Mathematics 1A with Autumn semester offerings (MATH1014-AUT-3-CA, MATH1014-AUT-3-KW, MATH1014-AUT-3-PS). There is no information about Spring semester offerings for this subject or any other subjects in the provided documentation. The documentation does not provide a comprehensive list of all subjects and their semester offerings, so I cannot determine which subjects are offered in only one semester (Autumn or Spring)."
Run 18,"The provided documentation only shows that MATH1014 (Mathematics 1A) is offered in Autumn with three locations. It does not explicitly state whether MATH1014 is offered in Spring or not. Without information about Spring offerings, it cannot be determined if MATH1014 is offered in only one semester (Autumn) or if it is offered in multiple semesters. The question asks for subjects offered in only one semester (Autumn or Spring), but the documentation lacks complete information on semester offerings for this subject. Therefore, the answer is not fully determined by the provided documentation.

I don't have the answer."
Run 19,"The documentation provided shows that MATH1014 is offered in the Autumn semester but does not mention any Spring semester offerings. In academic contexts, if a subject is offered in both semesters, it would typically be listed under both ""Autumn"" and ""Spring."" Since only the Autumn semester is listed, it is reasonable to conclude that MATH1014 is offered in only one semester (Autumn). 

The question asks for ""subjects"" (plural), but the documentation only provides information about MATH1014. Therefore, based on the available information, MATH1014 is the only subject that can be identified as being offered in only one semester.

$$
\boxed{MATH1014}
$$"
Run 20,"I don't have the answer. The documentation provided shows that MATH1014 (Mathematics 1A) is offered in Autumn with three specific locations (MATH1014-AUT-3-CA, etc.), but it does not include any information about Spring semester offerings for this subject or any other subjects. The question asks for subjects offered in ""only one semester (Autumn or Spring),"" and without explicit data on Spring offerings, I cannot determine which subjects (if any) are offered in only one semester. The documentation is limited to Autumn offerings for this subject and does not provide a complete picture of semester offerings for all subjects. Therefore, based on the given information, I do not have the answer."
Run 21,"I don't have the answer.

The documentation provided shows only the Autumn semester offerings for MATH1014 (Mathematics 1A) with three specific locations (Campbelltown, Penrith, and Parramatta South). There is no information about Spring semester offerings in the documentation, and the documentation doesn't list any other subjects beyond MATH1014. To answer which subjects are offered in only one semester (Autumn or Spring), I would need information about Spring offerings for all subjects, which isn't present in this documentation."
Run 22,"The provided documentation specifically details the offerings for MATH1014 (Mathematics 1A) as ""Autumn"" with no mention of Spring semester offerings. In academic contexts, when a university lists a subject under a single semester (e.g., ""Autumn"") without indicating other semesters, it typically means the subject is offered in that specific semester but not in the other (Spring). The documentation does not include information about other subjects, so MATH1014 is the only subject referenced.

Based on the documentation, MATH1014 is offered in only one semester (Autumn).

**Answer: MATH1014**"
Run 23,"I don't have the answer.

The provided documentation only shows Autumn semester offerings for MATH1014 (Mathematics 1A) with locations Campbelltown, Penrith (Kingswood), and Parramatta South. There is no information about Spring semester offerings in the documentation. The documentation doesn't provide complete information about which subjects are offered in only one semester (Autumn or Spring), so I cannot determine which subjects meet this criteria."
Run 24,"I don't have the answer.

The documentation provided only shows Autumn semester offerings for MATH1014 (Mathematics 1A) with three different locations (Campbelltown, Penrith (Kingswood), and Parramatta South). There is no information about Spring semester offerings in the provided documentation. The question asks about subjects offered in only one semester (Autumn or Spring), but the documentation doesn't contain information about Spring semester offerings to determine which subjects are offered in only one semester."
Run 25,"The provided documentation shows that MATH1014 (Mathematics 1A) is offered in the Autumn semester with three different locations: Campbelltown, Penrith (Kingswood), and Parramatta South. The documentation explicitly lists ""Autumn"" as the semester for these offerings but does not mention any Spring semester offerings. 

The question asks for subjects offered in only one semester (Autumn or Spring). Since the documentation indicates that MATH1014 is offered in Autumn and there is no indication of Spring offerings, it can be inferred that MATH1014 is offered in only one semester (Autumn) based on the provided information.

No other subjects are mentioned in the documentation, so MATH1014 is the only subject that fits the criteria.

\boxed{MATH1014}"
Run 26,"I don't have the answer.

The documentation provided shows only Autumn offerings for MATH1014 (Mathematics 1A) but does not contain any information about Spring offerings or other subjects that might be offered in different semesters. The documentation specifically mentions ""Offerings:Autumn"" with three Autumn offerings (MATH1014-AUT-3-CA, MATH1014-AUT-3-KW, MATH1014-AUT-3-PS), but there's no information about Spring offerings or which subjects are offered in only one semester."
Run 27,"The provided documentation shows that MATH1014 (Mathematics 1A) is listed under ""Offerings:Autumn"" for the 2026 academic year. It does not mention any Spring semester offerings. In academic handbooks, when a subject is explicitly listed under one semester (e.g., Autumn) without reference to another semester (e.g., Spring), it typically indicates that the subject is only offered in that one semester. Therefore, based on the documentation, MATH1014 is a subject offered in only one semester (Autumn).

No other subjects are mentioned in the documentation, so MATH1014 is the only subject identified as being offered in only one semester.

**Answer: MATH1014**"
Run 28,"I don't have the answer.

The provided documentation shows that MATH1014 (Mathematics 1A) has Autumn offerings with three different locations, but it doesn't show any Spring offerings or information about which subjects are offered in only one semester (Autumn or Spring). The documentation only contains ""Offerings"" for Autumn and doesn't provide information about Spring semesters or which subjects are offered in only one semester."
Run 29,"The provided documentation describes MATH1014 (Mathematics 1A) and shows that it is offered in the Autumn semester. However, the documentation does not explicitly mention any Spring semester offerings for MATH1014. In academic contexts, if a subject were offered in both semesters, the documentation would typically include a Spring section. Since the documentation only shows the Autumn section and does not provide information about Spring offerings, it is reasonable to infer that MATH1014 is offered in only one semester (Autumn) based on the available information.

The question asks for ""subjects"" (plural), but the documentation only describes MATH1014. Therefore, based solely on the provided documentation, MATH1014 is the subject that appears to be offered in only one semester (Autumn).

**Answer: MATH1014**"
Run 30,I don't have the answer.
